index,pdb_id,chain_id,residue_num,wt_aa,pred_aa,wt_aa_prob,pred_aa_prob,avg_log_ratio,std_log_ratio
0,2isk,A,9,LEU,MET,0.077,0.137,0.581,0.0
1,2isk,A,10,THR,HIS,0.082,0.187,0.832,0.0
2,2isk,A,11,ALA,ALA,0.128,0.128,0.0,0.0
3,2isk,A,12,ALA,ALA,0.545,0.545,0.0,0.0
4,2isk,A,13,GLY,GLY,1.0,1.0,0.0,0.0
5,2isk,A,14,ALA,PRO,0.086,0.271,1.144,0.0
6,2isk,A,15,PHE,LEU,0.008,0.932,4.742,0.0
7,2isk,A,16,SER,THR,0.126,0.855,1.916,0.0
8,2isk,A,17,SER,GLU,0.016,0.425,3.261,0.0
9,2isk,A,18,ASP,GLU,0.179,0.19,0.061,0.0
10,2isk,A,19,GLU,GLU,0.868,0.868,0.0,0.0
11,2isk,A,20,ARG,GLN,0.061,0.321,1.661,0.0
12,2isk,A,21,ALA,ALA,0.977,0.977,0.0,0.0
13,2isk,A,22,ALA,ALA,0.438,0.438,0.0,0.0
14,2isk,A,23,VAL,VAL,0.613,0.613,0.0,0.0
15,2isk,A,24,TYR,PHE,0.19,0.368,0.66,0.0
16,2isk,A,25,ARG,ASP,0.057,0.191,1.216,0.0
17,2isk,A,26,ALA,LEU,0.252,0.364,0.368,0.0
18,2isk,A,27,ILE,ILE,0.575,0.575,0.0,0.0
19,2isk,A,28,GLU,ASN,0.178,0.253,0.35,0.0
20,2isk,A,29,THR,THR,0.987,0.987,0.0,0.0
21,2isk,A,30,ARG,ARG,0.416,0.416,0.0,0.0
22,2isk,A,31,ARG,ARG,0.957,0.957,0.0,0.0
23,2isk,A,32,ASP,ASP,0.751,0.751,0.0,0.0
24,2isk,A,33,VAL,VAL,0.916,0.916,0.0,0.0
25,2isk,A,34,ARG,THR,0.165,0.676,1.412,0.0
26,2isk,A,35,ASP,ASP,0.695,0.695,0.0,0.0
27,2isk,A,36,GLU,PHE,0.001,0.707,6.729,0.0
28,2isk,A,37,PHE,TYR,0.19,0.808,1.448,0.0
29,2isk,A,38,LEU,GLU,0.145,0.564,1.358,0.0
30,2isk,A,39,PRO,PRO,0.999,0.999,0.0,0.0
31,2isk,A,40,GLU,GLN,0.082,0.327,1.388,0.0
32,2isk,A,41,PRO,PRO,1.0,1.0,0.0,0.0
33,2isk,A,42,LEU,LEU,0.87,0.87,0.0,0.0
34,2isk,A,43,SER,SER,0.871,0.871,0.0,0.0
35,2isk,A,44,GLU,GLU,0.656,0.656,0.0,0.0
36,2isk,A,45,GLU,GLU,0.745,0.745,0.0,0.0
37,2isk,A,46,LEU,LEU,0.992,0.992,0.0,0.0
38,2isk,A,47,ILE,ILE,0.991,0.991,0.0,0.0
39,2isk,A,48,ALA,ALA,0.955,0.955,0.0,0.0
40,2isk,A,49,ARG,ARG,0.905,0.905,0.0,0.0
41,2isk,A,50,LEU,LEU,1.0,1.0,0.0,0.0
42,2isk,A,51,LEU,LEU,0.702,0.702,0.0,0.0
43,2isk,A,52,GLY,GLY,0.999,0.999,0.0,0.0
44,2isk,A,53,ALA,ALA,0.564,0.564,0.0,0.0
45,2isk,A,54,ALA,ALA,0.988,0.988,0.0,0.0
46,2isk,A,55,HIS,GLN,0.001,0.306,5.657,0.0
47,2isk,A,56,GLN,GLN,0.154,0.154,0.0,0.0
48,2isk,A,57,ALA,ALA,1.0,1.0,0.0,0.0
49,2isk,A,58,PRO,PRO,0.991,0.991,0.0,0.0
50,2isk,A,59,SER,SER,0.956,0.956,0.0,0.0
51,2isk,A,60,VAL,VAL,0.596,0.596,0.0,0.0
52,2isk,A,61,GLY,GLY,1.0,1.0,0.0,0.0
53,2isk,A,62,PHE,ASN,0.003,0.61,5.428,0.0
54,2isk,A,63,MET,LEU,0.026,0.616,3.157,0.0
55,2isk,A,64,GLN,GLN,0.809,0.809,0.0,0.0
56,2isk,A,65,PRO,PRO,1.0,1.0,0.0,0.0
57,2isk,A,66,TRP,TRP,0.93,0.93,0.0,0.0
58,2isk,A,67,ASN,THR,0.066,0.549,2.122,0.0
59,2isk,A,68,PHE,PHE,0.995,0.995,0.0,0.0
60,2isk,A,69,VAL,ILE,0.074,0.608,2.105,0.0
61,2isk,A,70,LEU,LEU,0.999,0.999,0.0,0.0
62,2isk,A,71,VAL,VAL,0.967,0.967,0.0,0.0
63,2isk,A,72,ARG,LYS,0.042,0.367,2.177,0.0
64,2isk,A,73,GLN,ASP,0.004,0.893,5.483,0.0
65,2isk,A,74,ASP,ASP,0.75,0.75,0.0,0.0
66,2isk,A,75,GLU,ALA,0.072,0.511,1.965,0.0
67,2isk,A,76,THR,GLU,0.033,0.545,2.792,0.0
68,2isk,A,77,ARG,ARG,0.78,0.78,0.0,0.0
69,2isk,A,78,GLU,ASN,0.31,0.481,0.438,0.0
70,2isk,A,79,LYS,LYS,0.595,0.595,0.0,0.0
71,2isk,A,80,VAL,VAL,0.938,0.938,0.0,0.0
72,2isk,A,81,TRP,TRP,0.873,0.873,0.0,0.0
73,2isk,A,82,GLN,GLN,0.318,0.318,0.0,0.0
74,2isk,A,83,ALA,ALA,0.985,0.985,0.0,0.0
75,2isk,A,84,PHE,PHE,0.923,0.923,0.0,0.0
76,2isk,A,85,GLN,GLN,0.659,0.659,0.0,0.0
77,2isk,A,86,ARG,ARG,0.903,0.903,0.0,0.0
78,2isk,A,87,ALA,ALA,0.409,0.409,0.0,0.0
79,2isk,A,88,ASN,ASN,0.921,0.921,0.0,0.0
80,2isk,A,89,ASP,GLU,0.014,0.898,4.163,0.0
81,2isk,A,90,GLU,GLU,0.933,0.933,0.0,0.0
82,2isk,A,91,ALA,ALA,0.413,0.413,0.0,0.0
83,2isk,A,92,ALA,ALA,0.976,0.976,0.0,0.0
84,2isk,A,93,GLU,GLU,0.561,0.561,0.0,0.0
85,2isk,A,94,MET,LYS,0.156,0.185,0.172,0.0
86,2isk,A,95,PHE,PHE,0.621,0.621,0.0,0.0
87,2isk,A,96,SER,SER,0.356,0.356,0.0,0.0
88,2isk,A,97,GLY,GLY,1.0,1.0,0.0,0.0
89,2isk,A,98,GLU,GLU,0.411,0.411,0.0,0.0
90,2isk,A,99,ARG,ARG,0.532,0.532,0.0,0.0
91,2isk,A,100,GLN,GLN,0.934,0.934,0.0,0.0
92,2isk,A,101,ALA,ALA,0.795,0.795,0.0,0.0
93,2isk,A,102,LYS,LYS,0.562,0.562,0.0,0.0
94,2isk,A,103,TYR,PHE,0.204,0.555,1.003,0.0
95,2isk,A,104,ARG,ARG,0.951,0.951,0.0,0.0
96,2isk,A,105,SER,SER,0.956,0.956,0.0,0.0
97,2isk,A,106,LEU,LEU,0.99,0.99,0.0,0.0
98,2isk,A,107,LYS,GLN,0.301,0.521,0.548,0.0
99,2isk,A,108,LEU,LEU,0.966,0.966,0.0,0.0
100,2isk,A,109,GLU,GLU,0.702,0.702,0.0,0.0
101,2isk,A,110,GLY,GLY,1.0,1.0,0.0,0.0
102,2isk,A,111,ILE,ILE,0.993,0.993,0.0,0.0
103,2isk,A,112,ARG,LYS,0.393,0.472,0.183,0.0
104,2isk,A,113,LYS,LYS,0.86,0.86,0.0,0.0
105,2isk,A,114,ALA,ALA,0.99,0.99,0.0,0.0
106,2isk,A,115,PRO,PRO,1.0,1.0,0.0,0.0
107,2isk,A,116,LEU,LEU,0.992,0.992,0.0,0.0
108,2isk,A,117,SER,ASN,0.0,0.95,9.738,0.0
109,2isk,A,118,ILE,ILE,0.949,0.949,0.0,0.0
110,2isk,A,119,CYS,CYS,0.992,0.992,0.0,0.0
111,2isk,A,120,VAL,VAL,0.997,0.997,0.0,0.0
112,2isk,A,121,THR,THR,0.993,0.993,0.0,0.0
113,2isk,A,122,CYS,CYS,0.998,0.998,0.0,0.0
114,2isk,A,123,ASP,ASP,0.947,0.947,0.0,0.0
115,2isk,A,124,ARG,ARG,0.672,0.672,0.0,0.0
116,2isk,A,125,THR,THR,0.66,0.66,0.0,0.0
117,2isk,A,126,ARG,ARG,0.621,0.621,0.0,0.0
118,2isk,A,127,GLY,GLY,1.0,1.0,0.0,0.0
119,2isk,A,128,GLY,GLY,1.0,1.0,0.0,0.0
120,2isk,A,129,ALA,ALA,0.31,0.31,0.0,0.0
121,2isk,A,130,VAL,VAL,0.267,0.267,0.0,0.0
122,2isk,A,131,VAL,VAL,1.0,1.0,0.0,0.0
123,2isk,A,132,LEU,ALA,0.049,0.38,2.041,0.0
124,2isk,A,133,GLY,GLY,1.0,1.0,0.0,0.0
125,2isk,A,134,ARG,ARG,0.778,0.778,0.0,0.0
126,2isk,A,135,THR,THR,0.841,0.841,0.0,0.0
127,2isk,A,136,HIS,LEU,0.14,0.216,0.437,0.0
128,2isk,A,137,ASN,ASN,0.709,0.709,0.0,0.0
129,2isk,A,138,PRO,PRO,1.0,1.0,0.0,0.0
130,2isk,A,139,GLN,ASN,0.021,0.759,3.609,0.0
131,2isk,A,140,MET,MET,0.231,0.231,0.0,0.0
132,2isk,A,141,ASP,ASP,1.0,1.0,0.0,0.0
133,2isk,A,142,LEU,LEU,0.914,0.914,0.0,0.0
134,2isk,A,143,TYR,ALA,0.234,0.294,0.228,0.0
135,2isk,A,144,SER,SER,0.972,0.972,0.0,0.0
136,2isk,A,145,THR,THR,0.787,0.787,0.0,0.0
137,2isk,A,146,VAL,ILE,0.252,0.675,0.986,0.0
138,2isk,A,147,CYS,SER,0.004,0.699,5.205,0.0
139,2isk,A,148,ALA,ALA,0.995,0.995,0.0,0.0
140,2isk,A,149,VAL,VAL,0.988,0.988,0.0,0.0
141,2isk,A,150,GLN,TRP,0.222,0.242,0.086,0.0
142,2isk,A,151,ASN,ASN,0.341,0.341,0.0,0.0
143,2isk,A,152,LEU,LEU,1.0,1.0,0.0,0.0
144,2isk,A,153,TRP,TRP,0.498,0.498,0.0,0.0
145,2isk,A,154,LEU,LEU,0.939,0.939,0.0,0.0
146,2isk,A,155,ALA,HIS,0.152,0.371,0.894,0.0
147,2isk,A,156,ALA,ALA,0.939,0.939,0.0,0.0
148,2isk,A,157,ARG,ARG,0.841,0.841,0.0,0.0
149,2isk,A,158,ALA,LEU,0.131,0.26,0.684,0.0
150,2isk,A,159,GLU,GLU,0.91,0.91,0.0,0.0
151,2isk,A,160,GLY,GLY,1.0,1.0,0.0,0.0
152,2isk,A,161,VAL,VAL,1.0,1.0,0.0,0.0
153,2isk,A,162,GLY,GLY,1.0,1.0,0.0,0.0
154,2isk,A,163,VAL,VAL,0.864,0.864,0.0,0.0
155,2isk,A,164,GLY,GLY,1.0,1.0,0.0,0.0
156,2isk,A,165,TRP,TYR,0.204,0.456,0.806,0.0
157,2isk,A,166,VAL,VAL,0.629,0.629,0.0,0.0
158,2isk,A,167,SER,SER,0.587,0.587,0.0,0.0
159,2isk,A,168,ILE,ILE,0.909,0.909,0.0,0.0
160,2isk,A,169,PHE,PHE,0.919,0.919,0.0,0.0
161,2isk,A,170,HIS,GLN,0.108,0.362,1.212,0.0
162,2isk,A,171,GLU,GLU,0.391,0.391,0.0,0.0
163,2isk,A,172,SER,SER,0.442,0.442,0.0,0.0
164,2isk,A,173,GLU,GLU,0.98,0.98,0.0,0.0
165,2isk,A,174,ILE,ILE,0.829,0.829,0.0,0.0
166,2isk,A,175,LYS,LYS,0.968,0.968,0.0,0.0
167,2isk,A,176,ALA,GLU,0.181,0.408,0.814,0.0
168,2isk,A,177,ILE,ILE,0.993,0.993,0.0,0.0
169,2isk,A,178,LEU,LEU,0.998,0.998,0.0,0.0
170,2isk,A,179,GLY,GLY,1.0,1.0,0.0,0.0
171,2isk,A,180,ILE,ILE,0.979,0.979,0.0,0.0
172,2isk,A,181,PRO,PRO,1.0,1.0,0.0,0.0
173,2isk,A,182,ASP,GLU,0.388,0.388,0.001,0.0
174,2isk,A,183,HIS,HIS,0.494,0.494,0.0,0.0
175,2isk,A,184,VAL,VAL,0.915,0.915,0.0,0.0
176,2isk,A,185,GLU,LYS,0.031,0.405,2.569,0.0
177,2isk,A,186,ILE,ILE,0.614,0.614,0.0,0.0
178,2isk,A,187,VAL,VAL,0.998,0.998,0.0,0.0
179,2isk,A,188,ALA,ALA,0.999,0.999,0.0,0.0
180,2isk,A,189,TRP,TRP,0.923,0.923,0.0,0.0
181,2isk,A,190,LEU,LEU,1.0,1.0,0.0,0.0
182,2isk,A,191,CYS,CYS,0.685,0.685,0.0,0.0
183,2isk,A,192,LEU,LEU,0.996,0.996,0.0,0.0
184,2isk,A,193,GLY,GLY,1.0,1.0,0.0,0.0
185,2isk,A,194,PHE,TYR,0.332,0.654,0.679,0.0
186,2isk,A,195,VAL,VAL,0.797,0.797,0.0,0.0
187,2isk,A,196,ASP,ASP,0.478,0.478,0.0,0.0
188,2isk,A,197,ARG,TRP,0.157,0.309,0.677,0.0
189,2isk,A,198,LEU,LEU,0.999,0.999,0.0,0.0
190,2isk,A,199,TYR,TYR,0.41,0.41,0.0,0.0
191,2isk,A,200,GLN,LEU,0.033,0.335,2.305,0.0
192,2isk,A,201,GLU,GLN,0.245,0.428,0.558,0.0
193,2isk,A,202,PRO,PRO,0.992,0.992,0.0,0.0
194,2isk,A,203,GLU,GLU,0.773,0.773,0.0,0.0
195,2isk,A,204,LEU,LEU,0.76,0.76,0.0,0.0
196,2isk,A,205,ALA,CYS,0.035,0.424,2.481,0.0
197,2isk,A,206,ALA,ALA,0.775,0.775,0.0,0.0
198,2isk,A,207,LYS,LYS,0.926,0.926,0.0,0.0
199,2isk,A,208,GLY,GLY,1.0,1.0,0.0,0.0
200,2isk,A,209,TRP,TRP,0.825,0.825,0.0,0.0
201,2isk,A,210,ARG,GLU,0.066,0.125,0.646,0.0
202,2isk,A,211,GLN,GLN,0.658,0.658,0.0,0.0
203,2isk,A,212,ARG,LEU,0.095,0.2,0.744,0.0
204,2isk,A,213,LEU,LEU,0.935,0.935,0.0,0.0
205,2isk,A,214,PRO,PRO,0.793,0.793,0.0,0.0
206,2isk,A,215,LEU,LEU,0.252,0.252,0.0,0.0
207,2isk,A,216,GLU,GLU,0.384,0.384,0.0,0.0
208,2isk,A,217,ASP,LEU,0.09,0.284,1.144,0.0
209,2isk,A,218,LEU,LEU,0.987,0.987,0.0,0.0
210,2isk,A,219,VAL,VAL,0.39,0.39,0.0,0.0
211,2isk,A,220,PHE,PHE,0.911,0.911,0.0,0.0
212,2isk,A,221,GLU,VAL,0.027,0.274,2.33,0.0
213,2isk,A,222,GLU,SER,0.067,0.419,1.826,0.0
214,2isk,A,223,GLY,GLY,0.703,0.703,0.0,0.0
215,2isk,A,224,TRP,LEU,0.016,0.195,2.527,0.0
216,2isk,A,225,GLY,GLY,1.0,1.0,0.0,0.0
217,2isk,A,226,VAL,VAL,0.66,0.66,0.0,0.0
218,2isk,A,227,ARG,TYR,0.155,0.202,0.265,0.0
